.400_1_left_0 	AGCAGAAAGTGTCAGTTGTAAAGCA 	1
400_1_right_0 	CGATCAGGATCCCATAGCTGGT 	1
400_2_left_0 	TGTATGTTCCTACCTGGCAGCA 	2
400_2_right_0 	GGGCTGTCTCGAAAATCTGCTC 	2
400_3_left_0 	ATCAGGACAAAACACCGGTAACT 	1
400_3_right_0 	CCCCGGCTCAAACATTCTTCTT 	1
400_4_left_0 	ATGAAGACTGTTCAGGGCTGGT 	2
400_4_right_0 	CCCCAAATAGCCCCCTAGAACA 	2
400_5_left_0 	GGGTCAAGTCAGATCCCTAAATGC 	1
400_5_right_0 	GCGAATGAGTTTGGACGAGCTT 	1
400_6_left_0 	ACCAGAAGTCCAGAAGCTGTCT 	2
400_6_right_0 	ACTTCTATAGGCTCCCCCTGGA 	2
400_7_left_0 	GATCTTCGTCAATCCGAGTGCT 	1
400_7_right_0 	AGGAACCTTTCTCCTGACCTCA 	1
400_8_left_0 	CAGTCGTACCTGGACAACGTTG 	2
400_8_right_0 	GCGATCTCGGCCTCTACTGATA 	2
400_9_left_0 	AAGCCAATCCTCGAAAGCCAAG 	1
400_9_right_0 	AGCGGTTCAAATCGTCTTGCAT 	1
400_10_left_0 	ACGGATCCAAACTCCCCCTAAG 	2
400_10_right_0 	ACTTGTGAGTTCTTTCAGCGGG 	2
400_11_left_0 	AAAAACCCTCTCCTGTGTCAGC 	1
400_11_right_0 	TCAGCCCACTGGAAGATAAGGG 	1
400_12_left_0 	ATTAGCTTTGTCAGGAGCCCCA 	2
400_12_right_0 	AGAGGTATGCAAGTGATAAACCTGC 	2
400_13_left_0 	ACATGAACTCGAGAGCATGTCAAC 	1
400_13_right_0 	TCCCGAGACACAATGGAAAAACC 	1
400_14_left_0 	ACATTTTGAGCCTCTTGGATGTGA 	2
400_14_right_0 	CTGGTATTGGGCGGAAATGCTT 	2
400_15_left_0 	CTCAGCCATAAAGGTGAACGGG 	1
400_15_right_0 	AGTTGAGCAGTAGGTGGAAGACA 	1
400_16_left_0 	ATATCCCCAAGTGTGGCGGATT 	2
400_16_right_0 	CCAACTGATCAGGAGGACACCA 	2
400_17_left_0 	GGCCTGTATAAGTCTCTAAGGGGG 	1
400_17_right_0 	TCAGCCTCCATCAAGGTCTTGT 	1
400_18_left_0 	TTGTCCCTGGATTCGGAAAAGC 	2
400_18_right_0 	AATCCTCAGCCTCATCACCCTC 	2
400_19_left_0 	CAGTTATTCCCCTGATGCACCC 	1
400_19_right_0 	AGATATGACCTTCCCGCTTTGG 	1
400_20_left_0 	GTCAATCGACCAGAACCTACGC 	2
400_20_right_0 	GAAAGCACCGTTGGTCACTGAA 	2
400_21_left_0 	TCTCAGTTGATCAAACAAGGTCATGT 	1
400_21_right_0 	TGAGAAGTGTTGCCAGTTGCTC 	1
400_22_left_0 	CACGATCATCTTGCATCTCAGCA 	2
400_22_right_0 	TGTCAGAGTCATCCGATAAGGTCT 	2
400_23_left_0 	TGACTACAACCTCAACTCCCCT 	1
400_23_right_0 	GGGGGATTCTCAACCCTCTGTT 	1
400_24_left_0 	CCAAGTCATCCCCCATAGAGAAGT 	2
400_24_right_0 	GTCAAAAAGACAGTTGGAACTTTGAGA 	2
400_25_left_0 	TGGACATCGGGAAGGACTTGAT 	1
400_25_right_0 	CCCAAGGAATGAATCAGAGGCC 	1
400_26_left_0 	TGTGTGGAAACTCCGGCTATGA 	2
400_26_right_0 	TCGCTTGCCAAACATTCTTGGT 	2
400_27_left_0 	AGATTATCGAAAGGGTCTGTCAAAACT 	1
400_27_right_0 	CTGACAGCCAGGAAGCTAGTCT 	1
400_28_left_0 	TCTGGTAGGGGATACATGGCAC 	2
400_28_right_0 	GCCAAGAGCTTTTCGGTGATAAC 	2
400_29_left_0 	CGAGAACTGAAGATTGAGGGTCG 	1
400_29_right_0 	ACACCCTCTTCAATCCAAACACC 	1
400_30_left_0 	AGGATGTATTCTCCGTCCTGGA 	2
400_30_right_0 	AGACAGCCCAGGTGACAACATA 	2
400_31_left_0 	CAAACCAGGAACACGAGAACCA 	1
400_31_right_0 	TTGGCGAGGTTGACTATCTGGT 	1
400_32_left_0 	GGGAAAACTCCCTTGTTTCGAGG 	2
400_32_right_0 	ACCGAGAGACATTCCAGACACC 	2
400_33_left_0 	CCCGATCTTAAAGGGCAGAGTT 	1
400_33_right_0 	TCCACCTCGTCATACAAAGCCT 	1
400_34_left_0 	TGGAGAGAGAACACTCGAGAGC 	2
400_34_right_0 	TCATCCGATTGATCCCGTGGAT 	2
400_35_left_0 	CTCGTCCTTCTTGGGAATCCCT 	1
400_35_right_0 	TCGAAAGATGGGAGTACTGATACAGA 	1
400_36_left_0 	GGGTTACTTCCCAAGTCCTCCA 	2
400_36_right_0 	CTGTCCTTTTGAAGACAGGGGC 	2
400_37_left_0 	GGAACATTATGTCTCTGACAGGCC 	1
400_37_right_0 	GTCAATGGGCCTTACACACCTG 	1
400_38_left_0 	GCCATTGATGCTTTATGCGCAG 	2
400_38_right_0 	TCCTGAGTCGTGAATTGCCACT 	2
400_39_left_0 	TGGTAGGGAAAAGTCTCGCCAT 	1
400_39_right_0 	GTTGGATAAGCAGCGGGGATTT 	1
400_40_left_0 	GGCTGGATAATCACCCCTCCTT 	2
400_40_right_0 	GCTCATTTGTCGCAGGTTAGCT 	2
400_41_left_0 	GCCAAAATGACGTACCTGACCC 	1
400_41_right_0 	ATGTCGAGTTCTGAGACAGGGG 	1
400_42_left_0 	TCGTAAGGCAGGGTGTTCAGAA 	2
400_42_right_0 	GATGTGTTCCGGAAGCCATCAG 	2
400_43_left_0 	GGGGGATATCAAGGGCAGTTCT 	1
400_43_right_0 	AGACATCAACAGGGTTATCCGGT 	1
400_44_left_0 	TGCGGAAGTTACTGACATTGCA 	2
400_44_right_0 	GTTCAAGGAACGAGCTCTCTGC 	2
400_45_left_0 	TCCGATTCTCCAAACGAGGGAA 	1
400_45_right_0 	CAGACGGCGGATAGAACAATGG 	1
400_46_left_0 	GGGGAACTCTGTCTAAAGTGGC 	2
400_46_right_0 	TTACAGGCCACCCTCTTGAACA 	2
400_47_left_0 	TATCTTGGAGCTGGTCTGACGA 	1
400_47_right_0 	AGATAAAAGAAACAATCAAACAGCCAGA 	1
